City_ID,City,Country,Lat,Lng,Max Temp,Humidity,Cloudiness,Wind Speed,Current Description
0,Mataura,NZ,-46.1927,168.8643,54.07,98,100,3.4,overcast clouds
1,Yellowknife,CA,62.456,-114.3525,-32.28,75,75,6.91,light snow
2,Kavieng,PG,-2.5744,150.7967,83.53,74,100,10.69,overcast clouds
3,Kargasok,RU,59.0556,80.8572,2.39,80,100,15.7,overcast clouds
4,Dosso,NE,13.049,3.1937,66.36,27,70,15.66,broken clouds
5,Abonnema,NG,4.7084,6.7931,68.29,68,43,4.81,scattered clouds
6,Yoichi,JP,43.2039,140.7703,34.75,93,100,6.8,light snow
7,Forio,IT,40.7342,13.8646,57.81,92,14,1.99,few clouds
8,Berlevag,NO,70.8578,29.0864,24.8,80,75,9.22,light snow
9,Zhuhai,CN,22.2769,113.5678,72.86,45,0,6.91,clear sky
10,Albany,US,42.6001,-73.9662,43.43,95,100,5.01,heavy intensity rain
11,Nanortalik,GL,60.1432,-45.2371,21.04,68,2,7.05,clear sky
12,Rikitea,PF,-23.1203,-134.9692,76.57,80,98,9.55,overcast clouds
13,Thompson,CA,55.7435,-97.8558,-12.84,64,20,11.5,few clouds
14,Saint George,US,37.1041,-113.5841,43.95,52,100,1.01,overcast clouds
15,Kampot,KH,10.6167,104.1833,84.25,52,38,12.03,scattered clouds
16,Pimentel,PE,-6.8367,-79.9342,67.95,88,100,9.98,overcast clouds
17,Puerto Ayora,EC,-0.7393,-90.3518,72.55,95,6,1.99,clear sky
18,Saskylakh,RU,71.9167,114.0833,-14.42,92,33,8.25,scattered clouds
19,Ribeira Grande,PT,38.5167,-28.7,59.4,58,40,18.41,light rain
20,Pilar,BR,-9.5972,-35.9567,73.33,91,33,4.54,scattered clouds
21,Torbay,CA,47.6666,-52.7314,29.26,88,40,11.5,scattered clouds
22,Usinsk,RU,65.9939,57.5281,9.84,95,100,10.83,light snow
23,Dikson,RU,73.5069,80.5464,-8.82,95,100,12.46,overcast clouds
24,Vaini,TO,-21.2,-175.2,78.96,89,20,5.75,light rain
25,Marsh Harbour,BS,26.5412,-77.0636,75.36,86,100,12.8,overcast clouds
26,Evensk,RU,61.95,159.2333,22.77,40,6,20.92,clear sky
27,Punta Arenas,CL,-53.15,-70.9167,46.51,66,100,36.82,overcast clouds
28,Tura,IN,25.5198,90.2201,73.74,41,11,4.21,few clouds
29,Saint-Philippe,RE,-21.3585,55.7679,83.79,70,86,13.11,overcast clouds
30,Avarua,CK,-21.2078,-159.775,77.05,83,40,6.91,scattered clouds
31,Sorland,NO,67.667,12.6934,37.26,66,99,35.54,light rain
32,Zapolyarnyy,RU,69.4154,30.8136,11.48,96,100,3.62,overcast clouds
33,Port Lincoln,AU,-34.7333,135.8667,65.23,66,0,15.66,clear sky
34,Ekhabi,RU,53.5102,142.9671,27.52,95,100,17.92,light snow
35,Medea,DZ,36.2642,2.7539,47.84,80,10,3.24,clear sky
36,Churapcha,RU,62.0025,132.4325,-29.16,100,59,0.31,broken clouds
37,Lavrentiya,RU,65.5833,-171.0,13.08,87,4,14.83,clear sky
38,Araouane,ML,18.9048,-3.5265,60.67,31,0,9.66,clear sky
39,Arraial Do Cabo,BR,-22.9661,-42.0278,70.84,79,21,6.08,few clouds
40,Rajula,IN,21.05,71.4333,82.45,20,0,5.95,clear sky
41,Ushuaia,AR,-54.8,-68.3,46.06,87,100,35.68,moderate rain
42,Ocampo,MX,21.65,-101.5,47.28,49,1,2.77,clear sky
43,Hithadhoo,MV,-0.6,73.0833,81.45,72,100,15.79,overcast clouds
44,Busselton,AU,-33.65,115.3333,84.4,37,5,10.8,clear sky
45,Bonthe,SL,7.5264,-12.505,74.73,83,29,5.37,scattered clouds
46,Hovd,MN,48.0056,91.6419,10.89,86,68,3.06,broken clouds
47,Atuona,PF,-9.8,-139.0333,78.24,80,14,16.33,light rain
48,Port Blair,IN,11.6667,92.75,86.04,70,40,9.22,scattered clouds
49,Castro,BR,-24.7911,-50.0119,55.29,84,94,9.6,overcast clouds
50,Yamethin,MM,20.4333,96.15,88.45,35,12,5.3,few clouds
51,Tasiilaq,GL,65.6145,-37.6368,14.16,68,1,4.76,clear sky
52,Port Alfred,ZA,-33.5906,26.891,77.18,73,40,4.0,scattered clouds
53,Santa Cruz,BO,-17.8,-63.1667,74.66,94,9,5.75,clear sky
54,Loikaw,MM,19.6742,97.2094,81.72,37,95,4.29,overcast clouds
55,Kamennogorsk,RU,60.9545,29.1339,35.56,100,100,6.04,overcast clouds
56,Guerrero Negro,MX,27.9769,-114.0611,57.67,74,8,5.01,clear sky
57,Ajdabiya,LY,30.7554,20.2263,64.67,66,15,9.1,light rain
58,Ponta Do Sol,PT,32.6667,-17.1,65.71,81,20,4.0,few clouds
59,Cidreira,BR,-30.1811,-50.2056,68.94,81,0,18.05,clear sky
60,Talcahuano,CL,-36.7167,-73.1167,53.28,82,0,3.44,clear sky
61,Kanigoro,ID,-8.13,112.219,76.66,90,100,7.49,overcast clouds
62,Dingle,PH,10.9995,122.6711,76.03,91,100,16.02,light rain
63,Faya,SA,18.3851,42.4509,64.51,43,23,14.9,few clouds
64,Barrow,US,71.2906,-156.7887,6.82,85,100,8.05,overcast clouds
65,Boguchany,RU,58.3814,97.4531,-3.57,100,44,2.71,scattered clouds
66,Sao Joao Da Barra,BR,-21.6403,-41.0511,69.01,88,21,6.06,few clouds
67,Norman Wells,CA,65.282,-126.8329,-20.16,69,75,3.44,light snow
68,Wageningen,NL,51.9667,5.6667,50.11,99,75,2.3,mist
69,Chapais,CA,49.7834,-74.8492,10.18,79,100,14.09,overcast clouds
70,Lebu,CL,-37.6167,-73.65,52.57,83,7,15.14,clear sky
71,New Norfolk,AU,-42.7826,147.0587,68.9,57,91,2.01,heavy intensity rain
72,Mar Del Plata,AR,-38.0023,-57.5575,70.09,88,0,18.01,clear sky
73,Katsuura,JP,35.1333,140.3,44.62,48,44,34.27,scattered clouds
74,Portland,US,45.5234,-122.6762,24.98,79,100,24.16,light rain
75,Hilo,US,19.7297,-155.09,72.25,92,40,5.75,scattered clouds
76,Gizo,SB,-8.103,156.8419,82.65,76,99,6.64,overcast clouds
77,East London,ZA,-33.0153,27.9116,79.74,65,20,3.44,few clouds
78,Khartoum,SD,15.5518,32.5324,71.02,36,8,3.0,clear sky
79,Nantucket,US,41.2835,-70.0995,55.51,89,100,27.63,light rain
80,Ipora,BR,-16.4419,-51.1178,65.55,92,11,0.49,few clouds
81,Ansbach,DE,49.3,10.5833,47.19,93,75,6.91,broken clouds
82,Bethel,US,41.3712,-73.414,54.01,83,100,6.91,heavy intensity rain
83,Kirovsk,UA,48.6375,38.6428,37.87,78,100,6.67,overcast clouds
84,Sisimiut,GL,66.9395,-53.6735,10.99,60,11,10.69,few clouds
85,Sitka,US,57.0531,-135.33,33.69,47,100,17.27,overcast clouds
86,Margate,GB,51.3813,1.3862,48.9,92,100,1.01,moderate rain
87,Durusu,TR,41.3053,28.6767,51.98,93,0,3.0,clear sky
88,Bharatpur,IN,27.2167,77.4833,71.26,28,0,6.11,clear sky
89,Provideniya,RU,64.3833,-173.3,19.09,61,0,18.86,clear sky
90,Talnakh,RU,69.4865,88.3972,-2.79,94,100,15.66,light snow
91,Baglung,NP,28.2719,83.5898,69.4,23,0,6.15,clear sky
92,Constitucion,CL,-35.3333,-72.4167,55.53,71,6,10.18,clear sky
93,La Ronge,CA,55.1001,-105.2842,-23.58,75,0,8.05,clear sky
94,Kapaa,US,22.0752,-159.319,76.98,78,0,9.22,clear sky
95,Guilin,CN,25.2819,110.2864,60.91,20,81,4.41,broken clouds
96,Necochea,AR,-38.5473,-58.7368,63.03,94,71,7.9,light rain
97,Qaanaaq,GL,77.484,-69.3632,-19.08,66,0,6.69,clear sky
98,Karratha,AU,-20.7377,116.8463,87.08,45,2,15.55,clear sky
99,Isangel,VU,-19.55,169.2667,80.83,78,66,7.49,broken clouds
100,Airai,TL,-8.9266,125.4092,67.82,78,100,1.86,overcast clouds
101,Rawson,AR,-43.3002,-65.1023,58.66,36,0,17.56,clear sky
102,Doka,SD,13.5167,35.7667,82.38,23,7,13.15,clear sky
103,Nemuro,JP,43.3236,145.575,38.52,85,100,30.91,overcast clouds
104,Itarema,BR,-2.9248,-39.9167,77.47,85,100,6.78,light rain
105,Teya,RU,60.3778,92.6267,-6.27,96,100,4.03,overcast clouds
106,Narsaq,GL,60.9167,-46.05,12.42,63,0,8.52,clear sky
107,Bredasdorp,ZA,-34.5322,20.0403,74.35,52,100,6.98,overcast clouds
108,Linfen,CN,36.0889,111.5189,42.53,28,0,0.69,clear sky
109,Hami,CN,42.8,93.45,27.86,34,3,3.6,clear sky
110,Port Elizabeth,ZA,-33.918,25.5701,77.09,71,40,13.8,scattered clouds
111,Butaritari,KI,3.0707,172.7902,81.41,81,17,20.42,light rain
112,Roma,US,43.2128,-75.4557,40.73,92,100,21.85,moderate rain
113,Lagoa,PT,39.05,-27.9833,57.63,61,98,26.37,overcast clouds
114,Xai-Xai,MZ,-25.0519,33.6442,83.19,44,7,4.07,clear sky
115,Atambua,ID,-9.1061,124.8925,80.62,72,100,3.31,overcast clouds
116,Kenai,US,60.5544,-151.2583,17.65,67,0,10.36,clear sky
117,Esperance,AU,-33.8667,121.9,71.26,57,10,13.18,clear sky
118,Kodiak,US,57.79,-152.4072,36.91,87,100,27.63,light rain
119,Hasaki,JP,35.7333,140.8333,43.2,39,1,30.27,clear sky
120,Pacific Grove,US,36.6177,-121.9166,52.65,87,100,0.0,overcast clouds
121,Christchurch,NZ,-43.5333,172.6333,63.91,73,40,10.36,scattered clouds
122,Padang,ID,-0.9492,100.3543,87.85,66,100,3.87,light rain
123,Souillac,MU,-20.5167,57.5167,86.38,54,20,18.41,few clouds
124,Popondetta,PG,-8.7537,148.2534,81.5,80,85,2.95,overcast clouds
125,Tambovka,RU,50.0969,128.0489,11.21,88,42,14.88,scattered clouds
126,Morondava,MG,-20.2833,44.2833,82.6,59,90,6.91,overcast clouds
127,Ironton,US,38.5368,-82.6829,29.35,93,100,16.11,snow
128,Visby,SE,57.6409,18.296,41.22,87,75,14.97,broken clouds
129,Qasigiannguit,GL,68.8193,-51.1922,-9.72,73,8,4.92,clear sky
130,Bambous Virieux,MU,-20.3428,57.7575,86.25,54,20,18.41,few clouds
131,Khatanga,RU,71.9667,102.5,-30.89,100,6,3.24,clear sky
132,Hermanus,ZA,-34.4187,19.2345,71.8,75,100,6.38,overcast clouds
133,Mayo,US,38.8876,-76.5119,54.07,92,100,14.97,overcast clouds
134,Thinadhoo,MV,0.5333,72.9333,81.34,73,91,14.18,overcast clouds
135,Camacha,PT,33.0833,-16.3333,60.22,88,40,4.61,scattered clouds
136,Bluff,NZ,-46.6,168.3333,55.56,84,100,2.66,overcast clouds
137,Chuy,UY,-33.6971,-53.4616,63.37,78,23,9.66,few clouds
138,Deputatskiy,RU,69.3,139.9,-16.92,90,4,1.1,clear sky
139,Chengde,CN,40.9725,117.9361,18.01,25,0,6.64,clear sky
140,Jamestown,US,42.097,-79.2353,40.59,75,100,8.05,overcast clouds
141,Paamiut,GL,61.994,-49.6678,12.04,59,0,8.52,clear sky
142,San Ramon,US,37.7799,-121.978,49.37,87,75,9.22,mist
143,Tangi,PK,34.3006,71.6536,53.6,14,100,1.95,overcast clouds
144,Suez,EG,29.9737,32.5263,61.61,67,1,4.54,clear sky
145,Parkes,AU,-33.1333,148.1833,78.35,48,74,1.01,light rain
146,Sinnamary,GF,5.3833,-52.95,74.98,81,39,10.47,scattered clouds
147,Ancud,CL,-41.8697,-73.8203,46.4,84,3,5.88,clear sky
148,Santa Catalina Sur,PH,13.8717,121.4331,79.0,81,92,14.16,overcast clouds
149,Bengkulu,ID,-3.8004,102.2655,82.27,71,100,8.16,overcast clouds
150,Leningradskiy,RU,69.3833,178.4167,1.4,72,0,2.21,clear sky
151,Mount Isa,AU,-20.7333,139.5,76.77,100,75,6.91,light intensity shower rain
152,Shache,CN,38.4167,77.2406,35.73,27,100,2.46,overcast clouds
153,Aswan,EG,24.0934,32.907,60.1,44,0,5.75,clear sky
154,Srednekolymsk,RU,67.45,153.6833,-20.24,88,3,4.0,clear sky
155,Oranjemund,NA,-28.55,16.4333,68.74,73,11,11.14,few clouds
156,Chokurdakh,RU,70.6333,147.9167,-15.02,92,3,3.44,clear sky
157,Manvi,IN,15.9833,77.05,85.23,31,15,7.02,few clouds
158,Yar-Sale,RU,66.8333,70.8333,-3.23,99,92,8.37,overcast clouds
159,Parksville,CA,49.3163,-124.3195,24.73,95,100,13.8,snow
160,Funehiki,JP,37.4333,140.5833,36.01,67,25,9.17,scattered clouds
161,Springdale,US,36.1867,-94.1288,-2.09,72,40,18.41,scattered clouds
162,Armeria,MX,18.9333,-103.9667,69.98,72,29,4.34,scattered clouds
163,Qaqortoq,GL,60.7167,-46.0333,8.47,65,0,8.03,clear sky
164,Palencia,ES,42.4167,-4.5,50.11,84,100,19.22,overcast clouds
165,Oktyabrskiy,RU,54.4815,53.471,32.79,95,100,13.51,overcast clouds
166,Iqaluit,CA,63.7506,-68.5145,10.13,84,100,2.3,light snow
167,Tarakan,ID,3.3,117.6333,83.16,70,100,2.26,overcast clouds
168,Molokovo,RU,58.1661,36.7628,33.22,100,100,10.92,light snow
169,Nome,US,64.5011,-165.4064,21.27,58,0,19.57,clear sky
170,Longyearbyen,SJ,78.2186,15.6401,10.24,72,75,20.71,broken clouds
171,Salinopolis,BR,-0.6136,-47.3561,75.74,90,100,2.46,overcast clouds
172,Kuala Lipis,MY,4.1842,102.0468,83.84,70,100,1.74,overcast clouds
173,Tuktoyaktuk,CA,69.4541,-133.0374,-14.94,98,100,14.72,overcast clouds
174,Kaitangata,NZ,-46.2817,169.8464,56.34,91,53,3.98,broken clouds
175,Meulaboh,ID,4.1363,96.1285,83.53,71,27,7.83,scattered clouds
176,Prince George,CA,53.9166,-122.753,-15.36,69,75,5.75,broken clouds
177,Dauphin,CA,51.1494,-100.0502,-9.26,70,0,9.22,clear sky
178,Yulara,AU,-25.2406,130.9889,83.1,47,99,12.88,overcast clouds
179,Ulaanbaatar,MN,47.9077,106.8832,5.13,66,24,2.24,few clouds
180,Acapulco,MX,16.8634,-99.8901,74.59,85,44,4.21,scattered clouds
181,San Pedro,PH,14.35,121.0167,83.43,64,75,14.97,broken clouds
182,Guadalupe Y Calvo,MX,26.1,-106.9667,37.99,29,0,5.82,clear sky
183,Caravelas,BR,-17.7125,-39.2481,71.96,98,100,5.19,overcast clouds
184,Gberia Fotombu,SL,9.8833,-11.1667,64.36,33,39,5.01,scattered clouds
185,Cascais,PT,38.6979,-9.4215,63.52,97,40,8.99,scattered clouds
186,Corn Island,NI,12.1694,-83.0418,80.11,78,85,19.08,overcast clouds
187,Mount Gambier,AU,-37.8333,140.7667,63.37,69,12,10.78,few clouds
188,Salto,UY,-31.3833,-57.9667,72.48,50,9,9.26,clear sky
189,Fort-Shevchenko,KZ,44.5086,50.263,38.97,60,2,23.38,clear sky
190,Atbasar,KZ,51.8,68.3333,13.21,86,100,19.3,overcast clouds
191,Hobart,AU,-42.8794,147.3294,69.26,80,100,2.59,overcast clouds
192,Georgetown,MY,5.4112,100.3354,89.53,70,20,9.22,few clouds
193,Tual,ID,-5.6667,132.75,84.51,72,100,8.48,overcast clouds
194,Chesma,RU,53.8111,60.6533,29.43,85,100,19.13,overcast clouds
195,San Patricio,US,28.017,-97.5169,26.69,35,0,20.76,clear sky
196,Luderitz,NA,-26.6481,15.1594,71.73,66,1,14.52,clear sky
197,Diffa,NE,13.3154,12.6113,66.33,33,100,10.96,overcast clouds
198,Klaksvik,FO,62.2266,-6.589,31.12,66,100,19.1,overcast clouds
199,Killarney,IE,52.05,-9.5167,48.74,97,100,8.14,overcast clouds
200,Kahului,US,20.8947,-156.47,73.42,80,0,10.36,clear sky
201,Tomatlan,MX,19.9333,-105.25,66.31,64,0,2.75,clear sky
202,Homer,US,59.6425,-151.5483,35.47,69,20,9.22,few clouds
203,Port Macquarie,AU,-31.4333,152.9167,72.9,89,100,6.51,overcast clouds
204,Conway,US,35.0887,-92.4421,4.98,74,100,16.11,overcast clouds
205,Marzuq,YE,14.4,46.4667,76.93,26,73,2.91,broken clouds
206,Sao Filipe,CV,14.8961,-24.4956,74.66,57,0,10.69,clear sky
207,Vanavara,RU,60.34,102.2797,-14.4,99,27,3.6,scattered clouds
208,Byron Bay,AU,-28.65,153.6167,71.94,84,100,9.86,light rain
209,Fare,PF,-16.7,-151.0167,80.19,77,45,13.82,light rain
210,Severo-Kurilsk,RU,50.6789,156.125,33.35,83,95,33.2,overcast clouds
211,Egvekinot,RU,66.3167,-179.1667,11.25,50,0,18.3,clear sky
212,Los Llanos De Aridane,ES,28.6585,-17.9182,59.13,51,20,11.01,few clouds
213,Port-Gentil,GA,-0.7193,8.7815,76.96,94,75,3.44,broken clouds
214,Fort Nelson,CA,58.8053,-122.7002,-36.06,77,20,3.44,few clouds
215,Vila Franca Do Campo,PT,37.7167,-25.4333,59.41,83,100,12.15,light rain
216,Coahuayana,MX,18.7333,-103.6833,69.85,68,60,3.83,broken clouds
217,Bolobo,CD,-2.1667,16.2333,71.89,90,100,4.16,overcast clouds
218,Lac Du Bonnet,CA,50.2536,-96.0612,-4.5,92,100,13.56,overcast clouds
219,Talaya,RU,61.3833,152.75,-30.32,97,98,1.03,overcast clouds
220,Cumana,VE,10.4635,-64.1775,72.55,65,0,6.22,clear sky
221,Birobidzhan,RU,48.8,132.95,13.77,92,12,5.1,few clouds
222,Tuatapere,NZ,-46.1333,167.6833,53.46,92,100,4.09,overcast clouds
223,Saint-Pierre,RE,-21.3393,55.4781,83.88,61,0,9.22,clear sky
224,Fortuna,US,40.5982,-124.1573,57.92,91,100,8.05,overcast clouds
225,Vao,NC,-22.6667,167.4833,79.2,80,4,11.74,clear sky
226,Kariba,ZW,-16.5167,28.8,77.04,60,92,4.36,overcast clouds
227,Sun Prairie,US,43.1836,-89.2137,-10.5,77,20,12.66,few clouds
228,Taree,AU,-31.9,152.4667,73.98,90,100,3.91,moderate rain
229,Batagay,RU,67.6333,134.6333,-27.06,99,94,3.65,overcast clouds
230,Bayonet Point,US,28.3267,-82.6834,70.95,95,0,1.99,clear sky
231,Vardo,NO,70.3705,31.1107,26.58,80,75,19.57,broken clouds
232,Rocha,UY,-34.4833,-54.3333,60.03,86,98,10.18,overcast clouds
233,Petropavlovsk-Kamchatskiy,RU,53.0452,158.6483,30.79,64,75,13.42,broken clouds
234,Karabulak,RU,43.3036,44.8964,36.59,71,3,1.19,clear sky
235,Carnarvon,AU,-24.8667,113.6333,81.32,64,45,16.17,scattered clouds
236,Port Hardy,CA,50.6996,-127.4199,26.78,93,100,34.52,freezing rain
237,Kurchum,KZ,48.5722,83.6542,4.06,94,100,2.71,overcast clouds
238,Nikolskoye,RU,59.7035,30.7861,33.69,100,100,4.03,light snow
239,Buraydah,SA,26.326,43.975,61.25,30,100,17.31,light rain
240,Wates,ID,-8.1326,111.9541,79.52,82,100,10.04,light rain
241,Kaeo,NZ,-35.1,173.7833,63.01,79,72,4.88,broken clouds
242,Gevrai,IN,19.2667,75.75,86.86,23,7,1.41,clear sky
243,Vuktyl,RU,63.8567,57.3094,21.38,95,100,9.51,light snow
244,Pevek,RU,69.7008,170.3133,-4.5,86,4,3.78,clear sky
245,Komsomolskiy,UZ,40.4272,71.7189,36.32,75,100,4.61,mist
246,Cape Town,ZA,-33.9258,18.4232,72.37,76,20,8.05,few clouds
247,Tezu,IN,27.9167,96.1667,77.47,31,16,3.56,few clouds
248,Faanui,PF,-16.4833,-151.75,80.47,77,20,14.41,few clouds
249,Grootfontein,NA,-19.5667,18.1167,78.37,47,0,5.75,clear sky
250,Ossora,RU,59.2353,163.0719,11.03,68,100,6.91,overcast clouds
251,Kentau,KZ,43.5206,68.5094,33.55,41,73,4.36,broken clouds
252,Yongan,CN,39.6957,113.6871,20.97,44,4,5.82,clear sky
253,Price,US,39.5994,-110.8107,27.66,43,100,0.0,overcast clouds
254,Toora-Khem,RU,52.4675,96.11,8.98,86,100,2.59,overcast clouds
255,Vostok,RU,46.4856,135.8833,14.13,97,100,3.47,overcast clouds
256,Zyryanka,RU,65.75,150.85,-34.31,100,70,4.92,broken clouds
257,Avera,US,33.194,-82.5271,50.38,85,87,20.51,overcast clouds
258,Nhulunbuy,AU,-12.2333,136.7667,88.41,70,40,11.5,scattered clouds
259,Pandamatenga,BW,-18.5278,25.627,76.96,50,20,8.88,few clouds
260,Barraute,CA,48.4335,-77.6328,25.07,94,100,14.07,snow
261,Palana,RU,59.1167,159.9667,16.2,62,100,12.28,overcast clouds
262,Aitape,PG,-3.1374,142.3475,82.45,84,44,8.61,scattered clouds
263,Riyadh,SA,24.6877,46.7219,66.34,30,100,22.15,overcast clouds
264,Chara,RU,56.9064,118.2631,-14.55,71,3,1.32,clear sky
265,Hambantota,LK,6.1241,81.1185,88.14,74,20,4.61,few clouds
266,Alta Floresta,BR,-9.8756,-56.0861,68.52,99,100,3.15,overcast clouds
267,Fairbanks,US,64.8378,-147.7164,-14.4,68,0,0.0,clear sky
268,Plettenberg Bay,ZA,-34.0527,23.3716,71.89,70,83,7.9,broken clouds
269,Muroto,JP,33.2833,134.15,40.15,67,91,27.89,overcast clouds
270,Yerofey Pavlovich,RU,53.9667,121.9667,-3.41,97,100,3.24,overcast clouds
271,Puerto Baquerizo Moreno,EC,-0.9,-89.6,71.67,88,80,6.76,broken clouds
272,Sayyan,YE,15.1718,44.3244,63.59,34,56,4.61,broken clouds
273,Nurota,UZ,40.5614,65.6886,36.75,26,0,12.33,clear sky
274,Westport,US,41.1415,-73.3579,58.77,88,100,8.99,overcast clouds
275,Graham,US,47.0529,-122.2943,25.61,74,100,1.99,light intensity drizzle
276,Sangar,RU,63.9242,127.4739,-23.44,98,99,3.18,overcast clouds
277,Badiraguato,MX,25.3667,-107.5167,58.33,41,0,5.01,clear sky
278,Kut Chap,TH,17.4257,102.5669,82.18,43,51,4.97,broken clouds
279,Impfondo,CG,1.6381,18.0667,83.52,59,100,3.56,overcast clouds
280,Quatre Cocos,MU,-20.2078,57.7625,86.11,62,98,11.48,overcast clouds
281,Urussu,RU,54.5981,53.4631,33.12,94,100,13.15,overcast clouds
282,Adavere,EE,58.7086,25.8994,33.91,100,100,6.08,overcast clouds
283,Kosh-Agach,RU,50.0,88.6667,-5.78,95,60,1.01,broken clouds
284,Upernavik,GL,72.7868,-56.1549,-0.31,94,14,15.66,few clouds
285,Namibe,AO,-15.1961,12.1522,71.49,71,73,4.97,broken clouds
286,Geraldton,AU,-28.7667,114.6,97.21,20,2,18.41,clear sky
287,Benguela,AO,-12.5763,13.4055,77.05,68,99,4.65,overcast clouds
288,Kushima,JP,31.4583,131.2333,41.38,77,27,18.12,scattered clouds
289,Codrington,AU,-38.2667,141.9667,64.33,75,26,16.08,scattered clouds
290,Kirakira,SB,-10.4544,161.9205,79.59,86,100,3.51,overcast clouds
291,Mecca,SA,21.4267,39.8261,76.1,64,69,17.76,broken clouds
292,Laguna,US,38.421,-121.4238,48.18,91,100,5.75,mist
293,Puerto Escondido,MX,15.85,-97.0667,75.87,78,49,4.83,scattered clouds
294,Sri Aman,MY,1.2376,111.4621,71.65,94,40,7.0,moderate rain
295,Saint-Francois,FR,46.4154,3.9054,56.64,88,75,11.5,broken clouds
296,Beringovskiy,RU,63.05,179.3167,27.97,64,5,25.12,clear sky
297,Duliagaon,IN,27.3667,95.3167,76.87,37,22,2.35,few clouds
298,Maniitsoq,GL,65.4167,-52.9,15.64,66,12,5.35,few clouds
299,Alta Gracia,AR,-31.6529,-64.4283,71.89,52,7,3.83,light rain
300,Udachnyy,RU,66.4167,112.4,-10.55,83,100,5.14,overcast clouds
301,Olafsvik,IS,64.8945,-23.7142,25.97,61,54,10.45,broken clouds
302,Nola,IT,40.922,14.5329,60.39,88,89,3.24,overcast clouds
303,Belokurikha,RU,51.9959,84.9896,8.62,93,97,2.51,overcast clouds
304,Nuristan,AF,35.3,70.8333,22.77,25,100,3.38,overcast clouds
305,Asau,RO,46.4333,26.4,25.72,77,100,4.32,overcast clouds
306,Ahipara,NZ,-35.1667,173.1667,62.46,88,61,4.56,broken clouds
307,Alencon,FR,48.4333,0.0833,56.21,95,100,17.31,moderate rain
308,Labuhan,ID,-6.8844,112.2051,80.47,82,100,18.19,moderate rain
309,Erzin,TR,36.9559,36.2,60.08,49,4,2.48,clear sky
310,Yatou,CN,37.15,122.3833,25.07,64,98,22.1,overcast clouds
311,Grand Forks,US,47.9417,-97.4337,-9.67,70,100,20.71,overcast clouds
312,Ulladulla,AU,-35.35,150.4667,67.24,75,67,2.51,broken clouds
313,Montmagny,FR,48.9734,2.3469,57.02,96,75,10.36,broken clouds
314,Batagay-Alyta,RU,67.8006,130.4114,-10.77,100,95,3.04,overcast clouds
315,Waingapu,ID,-9.6567,120.2641,82.56,76,100,7.47,overcast clouds
316,Lamu,KE,-2.2717,40.902,88.02,70,100,13.13,overcast clouds
317,Nuuk,GL,64.1835,-51.7216,10.13,71,8,7.16,clear sky
318,Villa Guerrero,MX,18.8667,-99.65,67.28,61,57,3.6,broken clouds
319,Ust-Ishim,RU,57.6935,71.1665,12.78,93,100,12.48,light snow
320,Otjimbingwe,NA,-22.35,16.1333,87.85,31,32,9.44,scattered clouds
321,Naryan-Mar,RU,67.6713,53.087,-0.87,95,100,6.49,overcast clouds
322,Batticaloa,LK,7.7102,81.6924,81.03,78,99,13.85,overcast clouds
323,Concordia,AR,-31.393,-58.0209,72.18,50,15,8.66,few clouds
324,Nayoro,JP,44.3506,142.4578,32.16,97,100,9.28,snow
325,Okhotsk,RU,59.3833,143.3,13.19,73,100,14.2,overcast clouds
326,Palmas Bellas,PA,9.2319,-80.0867,75.25,88,73,7.25,light rain
327,Alofi,NU,-19.0595,-169.9187,78.69,89,0,4.61,clear sky
328,Hoshangabad,IN,22.75,77.7167,85.28,31,0,6.85,clear sky
329,Arrecife,ES,28.963,-13.5477,62.58,88,20,9.22,few clouds
330,Adrar,MR,20.5022,-10.0711,56.93,32,0,11.5,clear sky
331,Sinfra,CI,6.6167,-5.9167,72.07,41,46,1.19,scattered clouds
332,Krasnogvardeyskiy,RU,57.3793,62.3195,29.59,86,100,9.8,overcast clouds
333,Gaozhou,CN,21.9392,110.8461,72.64,19,8,4.54,clear sky
334,Chakwal,PK,32.9334,72.8585,62.51,18,1,3.0,clear sky
335,San Jose,US,37.3394,-121.895,53.91,84,75,1.99,haze
336,Fukue,JP,32.6881,128.8419,35.96,87,75,13.8,broken clouds
337,Buala,SB,-8.145,159.5921,79.86,86,100,5.39,light rain
338,Kudahuvadhoo,MV,2.6708,72.8944,80.33,78,26,10.74,scattered clouds
339,Kolokani,ML,13.5728,-8.0339,64.29,23,66,13.22,broken clouds
340,Killybegs,IE,54.6333,-8.45,42.51,89,100,17.94,overcast clouds
341,New Albany,US,38.2856,-85.8241,2.01,81,100,23.02,overcast clouds
342,Lahaina,US,20.8783,-156.6825,74.8,78,0,9.35,clear sky
343,Kjollefjord,NO,70.9457,27.3465,26.65,80,40,6.91,light snow
344,Tiksi,RU,71.6872,128.8694,-13.9,92,9,2.89,clear sky
345,Aykhal,RU,66.0,111.5,-3.73,99,100,5.77,overcast clouds
346,Beeville,US,28.4008,-97.7483,25.29,42,100,18.41,overcast clouds
347,Half Moon Bay,US,37.4636,-122.4286,51.87,89,75,4.61,mist
348,Kedrovyy,RU,56.1667,91.8167,12.87,90,99,4.76,overcast clouds
349,Touho,NC,-20.7833,165.2333,79.81,79,24,6.53,light rain
350,Ostrovnoy,RU,68.0531,39.5131,16.5,88,100,9.57,overcast clouds
351,Saint Paul,US,44.9444,-93.0933,-8.82,73,20,14.97,few clouds
352,Victoria,HK,22.2855,114.1577,72.19,30,5,5.99,clear sky
353,Menongue,AO,-14.6585,17.691,65.21,86,100,2.17,overcast clouds
354,Tipperary,IE,52.4733,-8.1558,48.06,98,100,5.08,overcast clouds
355,Sola,VU,-13.8833,167.55,83.8,73,36,14.56,scattered clouds
356,Grindavik,IS,63.8424,-22.4338,21.15,73,0,11.5,clear sky
357,Monroe,US,43.1501,-77.6831,41.43,95,100,0.0,mist
358,Makakilo City,US,21.3469,-158.0858,73.72,77,20,6.91,few clouds
359,Igreja Nova,BR,-10.1253,-36.6619,74.17,86,90,7.43,overcast clouds
360,Mizdah,LY,31.4451,12.9801,52.97,71,0,12.37,clear sky
361,Nobeoka,JP,32.5833,131.6667,37.08,67,20,12.5,few clouds
362,Kaoma,ZM,-14.7833,24.8,71.08,76,100,11.52,light rain
363,Cabo San Lucas,MX,22.8909,-109.9124,67.51,74,0,2.59,clear sky
364,Angoche,MZ,-16.2325,39.9086,82.42,62,100,11.54,overcast clouds
365,Tahoua,NE,14.8888,5.2692,62.58,29,95,6.91,overcast clouds
366,Pinillos,CO,8.9193,-74.4677,72.88,93,12,0.49,few clouds
367,Gondanglegi,ID,-7.7479,112.0132,80.47,83,100,3.02,light rain
368,Tabat,ID,-2.635,115.2274,79.9,88,100,4.7,overcast clouds
369,Otradnyy,RU,53.376,51.3452,32.05,84,100,13.89,overcast clouds
370,Tenango,MX,18.65,-98.1833,68.27,47,53,4.88,broken clouds
371,Sibolga,ID,1.7427,98.7792,84.18,64,46,4.79,scattered clouds
372,Ternate,ID,0.8,127.4,84.58,72,100,4.27,light rain
373,Katherine,AU,-14.4667,132.2667,82.72,74,75,14.97,light rain
374,Morristown,US,36.214,-83.2949,32.7,93,75,21.85,light snow
375,Saldanha,ZA,-33.0117,17.9442,68.05,85,100,5.39,overcast clouds
376,Innisfail,AU,-17.5333,146.0333,80.8,78,99,4.38,overcast clouds
377,Gat,IL,31.61,34.7642,64.78,7,43,4.83,scattered clouds
378,Bilibino,RU,68.0546,166.4372,6.71,73,0,5.23,clear sky
379,Stepnyak,KZ,52.8339,70.7803,10.02,91,100,24.14,light snow
380,Ostersund,SE,63.1792,14.6357,16.25,100,89,5.75,overcast clouds
381,Coihaique,CL,-45.5752,-72.0662,42.75,81,100,5.75,light rain
382,Clyde River,CA,70.4692,-68.5914,-16.37,76,100,11.5,overcast clouds
383,Lake Jackson,US,29.0339,-95.4344,23.0,64,0,21.85,clear sky
384,Ola,RU,59.5833,151.2833,8.42,72,100,10.63,overcast clouds
385,Wenatchee,US,47.4235,-120.3103,9.66,81,100,4.61,mist
386,Opuwo,NA,-18.0607,13.84,86.25,31,31,12.55,scattered clouds
387,Nchelenge,ZM,-9.3451,28.734,70.0,87,100,4.65,light rain
388,Guantanamo,CU,20.1444,-75.2092,69.37,90,0,3.15,clear sky
389,Hamilton,US,39.1834,-84.5333,4.59,85,100,24.16,heavy snow
390,Mayumba,GA,-3.432,10.6554,75.36,89,98,2.77,moderate rain
391,Klyuchi,RU,52.2667,79.1667,1.8,90,31,8.81,scattered clouds
392,Athens,GR,37.9795,23.7162,56.16,76,20,1.99,few clouds
393,Nasirabad,IN,26.3,74.7333,71.74,29,0,1.97,clear sky
394,Coruripe,BR,-10.1256,-36.1756,75.04,89,89,8.95,overcast clouds
395,Kovur,IN,14.4833,79.9833,81.54,59,5,13.56,clear sky
396,Zirandaro,MX,18.45,-100.9833,72.19,55,1,1.77,clear sky
397,Ucluelet,CA,48.9329,-125.5528,32.09,88,100,1.99,light snow
398,Abhar,IR,36.1468,49.218,39.07,59,9,7.23,clear sky
399,Astoria,US,46.1879,-123.8313,34.86,72,100,18.41,light rain
400,High Level,CA,58.5169,-117.136,-29.09,68,0,0.0,clear sky
401,Omsukchan,RU,62.5333,155.8,-13.31,62,7,4.83,clear sky
402,Hammel,DK,56.2576,9.8632,36.91,93,4,8.48,clear sky
403,Bangassou,CF,4.7413,22.8184,75.63,70,100,0.65,overcast clouds
404,Lebanon,US,36.2081,-86.2911,9.14,85,100,16.73,overcast clouds
405,Doha,QA,25.2867,51.5333,76.98,53,20,13.8,few clouds
406,Bull Savanna,JM,17.8868,-77.5902,71.01,81,0,5.46,clear sky
407,Sal Rei,CV,16.1833,-22.9167,70.0,83,0,6.91,clear sky
408,Sire,NG,12.9299,5.2043,64.31,30,91,16.84,overcast clouds
409,Filingue,NE,14.3521,3.3168,65.97,27,79,14.23,broken clouds
410,Aleksandrov Gay,RU,50.147,48.5704,36.9,89,99,13.29,overcast clouds
411,Takoradi,GH,4.8845,-1.7554,80.02,71,65,0.96,broken clouds
412,Mogadishu,SO,2.0371,45.3438,84.07,74,75,19.57,broken clouds
413,Itoman,JP,26.1247,127.6694,57.58,60,75,27.63,broken clouds
414,College,US,64.8569,-147.8028,-14.42,68,0,0.0,clear sky
415,Lamar,US,33.6668,-95.5836,8.37,63,0,26.46,clear sky
416,Hailar,CN,49.2,119.7,-11.76,90,100,4.59,overcast clouds
417,Lorengau,PG,-2.0226,147.2712,82.83,80,100,10.45,overcast clouds
418,Sturgeon Falls,CA,46.3646,-79.9326,29.89,89,100,16.89,light snow
419,Kloulklubed,PW,7.0419,134.2556,82.9,74,72,6.89,broken clouds
420,Balyaga,RU,51.1507,108.921,4.14,96,84,1.59,broken clouds
421,Ayagoz,KZ,47.9714,80.4392,4.62,97,82,3.38,broken clouds
422,Kabo,CF,7.6994,18.629,80.51,19,71,7.23,broken clouds
423,Mahebourg,MU,-20.4081,57.7,86.29,54,20,18.41,few clouds
424,Whitianga,NZ,-36.8333,175.7,65.05,80,0,8.05,clear sky
425,Tabina,PH,7.4669,123.4081,83.26,77,66,4.52,broken clouds
426,Isetskoye,RU,56.4858,65.3226,27.95,93,100,13.38,overcast clouds
427,Skjervoy,NO,70.0311,20.9714,12.2,66,82,5.79,broken clouds
428,Timbiras,BR,-4.2553,-43.9406,71.38,99,100,0.98,light rain
429,Ambon,ID,-3.6954,128.1814,87.94,66,40,6.91,scattered clouds
430,Tara,RU,56.8944,74.371,7.95,85,100,17.05,light snow
431,Linqing,CN,36.8456,115.7117,33.91,15,3,5.14,clear sky
432,San Jeronimo,PE,-11.9472,-75.2829,49.5,83,90,2.75,overcast clouds
433,Taltal,CL,-25.4,-70.4833,65.55,77,0,2.57,clear sky
434,Cockburn Town,TC,21.4612,-71.1419,79.07,73,2,13.82,clear sky
435,Vrangel,RU,42.7297,133.0839,25.92,63,100,18.41,overcast clouds
436,Benghazi,LY,32.1167,20.0667,64.36,67,14,13.96,light rain
437,Hokitika,NZ,-42.7167,170.9667,61.38,86,0,11.79,clear sky
438,Galeana,MX,24.8333,-100.0667,39.45,96,91,5.61,overcast clouds
439,Akhmeta,GE,42.0311,45.2075,36.12,54,4,3.0,clear sky
440,Nyurba,RU,63.2842,118.3319,-29.69,98,8,2.17,clear sky
441,Ixtapa,MX,20.7,-105.2,65.43,94,0,0.0,clear sky
442,Waw,SS,7.7029,27.9953,88.95,18,87,9.17,overcast clouds
443,Kang,BW,-23.6752,22.7876,79.3,34,65,12.3,broken clouds
444,Godfrey,US,38.9556,-90.1868,-5.13,74,100,19.57,haze
445,Belmonte,BR,-15.8631,-38.8828,73.22,95,100,5.68,light rain
446,Waynesville,US,35.4887,-82.9887,38.91,83,100,11.01,light rain
447,Warri,NG,5.5167,5.75,81.88,67,56,5.44,light rain
448,Miyako,JP,39.6367,141.9525,35.24,70,85,7.27,overcast clouds
449,Prescott Valley,US,34.5894,-112.3252,41.25,56,0,6.91,clear sky
450,Svetlograd,RU,45.3353,42.8547,38.28,65,2,11.81,clear sky
451,Bathsheba,BB,13.2167,-59.5167,79.41,73,40,21.85,scattered clouds
452,Coquimbo,CL,-29.9533,-71.3436,60.53,94,0,2.3,clear sky
453,Jilin,CN,43.0,126.0,3.85,93,100,6.55,overcast clouds
454,Galle,LK,6.0367,80.217,83.25,69,34,15.26,scattered clouds
455,Porto Novo,BJ,6.4965,2.6036,79.81,27,25,6.8,scattered clouds
456,Shingu,JP,33.7333,135.9833,34.97,61,80,19.89,broken clouds
457,Wajima,JP,37.4,136.9,32.68,100,100,20.71,snow
458,Kangaba,ML,11.9333,-8.4167,67.01,23,93,7.29,overcast clouds
459,Darnah,LY,32.767,22.6367,61.9,60,15,5.88,few clouds
460,Miri,MY,4.4148,114.0089,82.54,74,40,6.91,scattered clouds
461,Launceston,AU,-41.45,147.1667,71.24,51,83,17.27,broken clouds
462,Miles City,US,46.4083,-105.8406,-19.23,69,0,16.11,clear sky
463,Dhanaula,IN,30.2833,75.5833,68.25,21,0,1.95,clear sky
464,Kawalu,ID,-7.3817,108.2082,78.67,79,99,1.28,overcast clouds
465,Megion,RU,61.0296,76.1136,3.22,93,100,18.07,light snow
466,Iberia,US,29.9502,-91.7507,28.47,69,20,23.02,few clouds
467,Alihe,CN,50.5667,123.7167,4.17,96,100,3.98,overcast clouds
468,Basoko,CD,1.2391,23.616,77.4,77,100,1.74,overcast clouds
469,Barcelos,PT,41.5388,-8.6151,59.14,95,100,12.62,overcast clouds
470,Khandbari,NP,27.3747,87.2039,68.7,44,1,4.38,clear sky
471,Tazmalt,DZ,36.3868,4.3989,54.28,80,97,3.42,overcast clouds
472,Lompoc,US,34.6391,-120.4579,54.52,96,100,4.61,overcast clouds
473,Gondar,ET,12.6,37.4667,69.12,36,48,2.01,scattered clouds
474,Marystown,CA,47.1666,-55.1483,28.65,73,10,8.63,clear sky
475,Onega,RU,63.9061,38.1404,33.01,98,100,8.59,light snow
476,Urumqi,CN,43.801,87.6005,13.15,86,75,4.47,mist
477,Otuzco,PE,-7.9,-78.5833,49.89,90,98,2.01,overcast clouds
478,Rusape,ZW,-18.5278,32.1284,68.95,57,32,7.83,scattered clouds
479,Villa Rica,US,33.7321,-84.9191,47.8,83,94,18.9,overcast clouds
480,Broome,US,42.2506,-75.833,45.46,83,100,21.85,mist
481,Vung Tau,VN,10.346,107.0843,76.69,73,91,12.66,overcast clouds
482,Kandry,RU,54.5667,54.1167,31.68,97,100,14.12,light snow
483,Pisco,PE,-13.7,-76.2167,68.05,88,20,4.61,mist
484,Baykit,RU,61.67,96.37,-21.14,100,96,0.36,overcast clouds
485,Bogorodskoye,RU,56.55,37.8833,33.35,100,100,9.1,overcast clouds
486,Mendi,PG,-6.1761,143.6513,60.3,95,100,1.07,overcast clouds
487,Aasiaat,GL,68.7098,-52.8699,-4.4,93,40,6.67,scattered clouds
488,Kalmunai,LK,7.4167,81.8167,82.42,74,89,12.84,overcast clouds
489,Gadag,IN,15.4167,75.6167,84.9,27,14,9.01,few clouds
490,Cherskiy,RU,68.75,161.3,-3.86,78,0,3.65,clear sky
491,Regina,CA,50.4501,-104.6178,-19.97,69,0,13.8,clear sky
492,Akdagmadeni,TR,39.6603,35.8836,39.31,58,1,1.07,clear sky
493,Cayenne,GF,4.9333,-52.3333,75.24,88,75,0.0,broken clouds
494,Xicotencatl,MX,23.0167,-98.8833,65.53,76,8,24.85,clear sky
495,Olinda,BR,-8.0089,-34.8553,76.73,83,75,6.91,broken clouds
496,Belyy Yar,RU,53.6039,91.3903,10.29,78,0,2.24,clear sky
497,Kavaratti,IN,10.5669,72.642,82.08,59,100,9.4,overcast clouds
498,Tahta,EG,26.7693,31.5021,58.84,54,71,14.61,broken clouds
499,Sioux Lookout,CA,50.1001,-91.917,-5.73,77,100,10.36,light snow
500,Gladstone,AU,-23.85,151.25,78.78,53,97,11.5,overcast clouds
501,Husavik,IS,66.0449,-17.3389,17.29,86,100,6.08,light snow
502,Baturaja,ID,-4.1333,104.1667,80.22,77,100,4.38,light rain
503,Port Keats,AU,-14.25,129.55,81.77,82,100,10.27,moderate rain
504,Darovskoy,RU,58.77,47.9564,31.93,92,100,8.46,overcast clouds
505,Moyale,KE,3.5167,39.0584,81.93,39,31,8.95,scattered clouds
506,Ranong,TH,9.9658,98.6348,89.53,58,38,10.49,scattered clouds
507,Nicoya,CR,10.1483,-85.452,72.59,87,89,6.24,overcast clouds
508,Hammerfest,NO,70.6634,23.6821,18.05,79,0,3.44,clear sky
509,Mehndawal,IN,26.9753,83.1117,76.32,23,0,7.74,clear sky
510,Muskegon,US,43.3,-86.1334,12.06,83,100,17.27,snow
511,Abasolo,MX,20.45,-101.5167,53.1,43,3,1.7,clear sky
512,Raudeberg,NO,61.9875,5.1352,34.86,64,94,21.9,light snow
513,Japura,ID,-0.3167,102.35,81.54,80,96,3.42,overcast clouds
514,Ukiah,US,39.1502,-123.2078,54.37,92,100,0.0,overcast clouds
515,Batemans Bay,AU,-35.7167,150.1833,71.1,81,60,3.2,broken clouds
516,Romanovka,RU,51.7443,42.7527,35.42,76,100,11.77,overcast clouds
517,Bud,US,39.447,-86.1758,-2.18,86,100,21.41,light snow
518,Elizabeth City,US,36.2946,-76.2511,47.05,95,100,16.11,overcast clouds
519,Ballina,AU,-28.8667,153.5667,71.78,99,100,10.94,light rain
520,Suoyarvi,RU,62.0833,32.35,32.43,98,100,5.88,overcast clouds
521,Bobo Dioulasso,BF,11.1771,-4.2979,64.85,39,0,8.05,clear sky
522,Cabungan,PH,16.3365,119.9991,79.16,65,58,6.49,broken clouds
523,Torit,SS,4.4133,32.5678,93.02,23,90,5.3,overcast clouds
524,Gravdal,NO,68.1214,13.5031,33.69,80,75,17.27,light snow
525,Sabang,ID,5.8933,95.3214,81.75,76,8,15.57,clear sky
526,Arica,CL,-18.475,-70.3042,70.03,73,100,4.61,overcast clouds
527,Tha Muang,TH,13.9612,99.6412,89.1,45,100,5.39,overcast clouds
528,Illapel,CL,-31.6308,-71.1653,61.36,81,6,1.68,clear sky
529,Lazaro Cardenas,MX,17.9583,-102.2,71.35,88,3,4.99,clear sky
530,Mumford,GH,5.2618,-0.759,79.74,73,44,4.27,scattered clouds
531,Bremervorde,DE,53.4833,9.1333,42.13,95,98,6.38,overcast clouds
532,Banda Aceh,ID,5.5577,95.3222,84.61,70,25,7.94,scattered clouds
533,Carinhanha,BR,-14.3047,-43.765,69.4,97,100,2.95,overcast clouds
534,Vila Velha,BR,-20.3297,-40.2925,73.35,85,100,9.22,overcast clouds
535,Villa Carlos Paz,AR,-31.4241,-64.4978,70.39,82,30,1.01,light rain
536,Demba,CD,-5.51,22.2667,79.95,58,98,3.11,overcast clouds
537,Nioro,GM,13.35,-15.75,68.07,23,47,8.7,scattered clouds
538,Bage,BR,-31.3314,-54.1069,64.18,77,0,16.11,clear sky
539,Kingsland,US,30.8,-81.6898,61.99,97,86,7.16,overcast clouds
540,Anicuns,BR,-16.4611,-49.9617,62.98,92,13,1.28,few clouds
541,Mabaruma,GY,8.2,-59.7833,68.5,99,49,1.81,scattered clouds
542,Guhagar,IN,17.4842,73.1929,88.05,40,4,9.6,clear sky
543,Zhezkazgan,KZ,47.8043,67.7144,-0.42,78,20,2.24,few clouds
544,Eshowe,ZA,-28.8865,31.4699,78.19,51,0,9.98,clear sky
545,Cochrane,CA,51.1834,-114.4687,-14.39,56,75,0.0,broken clouds
546,Slave Lake,CA,55.2834,-114.769,-25.62,68,0,8.05,clear sky
547,Maine-Soroa,NE,13.2114,12.0241,65.08,29,100,10.69,overcast clouds
548,Merauke,ID,-8.4667,140.3333,84.4,75,99,12.33,overcast clouds
549,Dunedin,NZ,-45.8742,170.5036,58.8,85,55,5.01,light rain
550,Talara,PE,-4.5772,-81.2719,69.84,82,39,13.76,scattered clouds
551,Malakal,SS,9.5334,31.6605,85.59,19,87,13.85,overcast clouds
552,Kodyma,UA,48.0988,29.1246,35.22,58,100,3.49,overcast clouds
553,Gigmoto,PH,13.7796,124.39,75.81,90,100,22.3,overcast clouds
554,Yeppoon,AU,-23.1333,150.7333,80.38,63,100,9.04,overcast clouds
555,Kousseri,CM,12.0769,15.0306,66.16,37,74,12.66,broken clouds
556,Inverness,GB,57.4791,-4.224,39.79,88,40,4.61,scattered clouds
557,Codajas,BR,-3.8367,-62.0569,72.1,98,85,2.44,overcast clouds
558,Te Anau,NZ,-45.4167,167.7167,55.78,88,42,5.17,scattered clouds
559,Kruisfontein,ZA,-34.0033,24.7314,74.88,59,100,7.45,overcast clouds
560,Taoudenni,ML,22.6783,-3.9836,60.39,37,0,12.71,clear sky
561,Voyvozh,RU,62.892,54.9635,29.89,94,100,11.1,light snow
562,Seddon,AU,-37.8068,144.8916,77.31,65,40,11.5,scattered clouds
563,Ust-Karsk,RU,52.7011,118.8077,-14.17,97,5,2.66,clear sky
564,Poum,NC,-20.2333,164.0167,80.76,78,89,7.99,overcast clouds
565,Tsabong,BW,-26.0217,22.401,84.85,31,85,17.81,overcast clouds
566,Yangliuqing,CN,39.1375,116.9997,31.95,16,0,9.8,clear sky
567,Great Bend,US,38.3645,-98.7648,-0.96,62,0,16.11,clear sky
568,Mitsamiouli,KM,-11.3847,43.2844,86.29,70,20,5.75,few clouds
569,Mineros,BO,-17.1167,-63.2333,73.27,87,18,6.17,few clouds
570,Mbini,GQ,1.574,9.6134,80.78,73,83,3.29,broken clouds
571,Kyenjojo,UG,0.6328,30.6214,75.83,56,66,4.52,light rain
572,Oranjestad,AW,12.524,-70.027,79.92,81,75,13.8,broken clouds
573,Puerto Quijarro,BO,-17.7833,-57.7667,73.02,74,0,2.89,clear sky
574,Carutapera,BR,-1.195,-46.02,73.09,96,100,1.77,moderate rain
575,Trebisacce,IT,39.8708,16.5312,54.36,76,96,2.75,overcast clouds
576,Brandys Nad Labem-Stara Boleslav,CZ,50.1871,14.6633,47.14,95,100,9.22,overcast clouds
577,Henties Bay,NA,-22.116,14.2845,66.24,82,43,7.94,scattered clouds
578,Sibu,MY,2.3,111.8167,71.91,100,40,10.36,heavy intensity rain
579,Iskateley,RU,67.6803,53.1512,-0.96,95,100,6.46,overcast clouds
580,Cairns,AU,-16.9167,145.7667,89.06,71,99,11.5,overcast clouds
581,Khuzhir,RU,53.1939,107.3397,20.64,76,100,3.47,overcast clouds
582,Dutlwe,BW,-23.9833,23.9,78.57,32,4,13.85,clear sky
583,Chuncheng,CN,22.1731,111.7886,69.78,24,9,6.73,clear sky
584,Severomuysk,RU,56.1481,113.4267,-2.79,97,96,5.08,overcast clouds
585,Lata,PT,40.1629,-8.3327,58.08,93,90,5.37,overcast clouds
586,Ilhabela,BR,-23.7781,-45.3581,69.53,83,60,4.72,broken clouds
587,Miajadas,ES,39.1513,-5.9084,48.88,95,62,1.61,broken clouds
588,Nanakuli,US,21.3906,-158.1547,75.15,69,20,6.91,few clouds
589,Alice Springs,AU,-23.7,133.8833,78.35,78,100,12.66,overcast clouds
590,Olga,RU,43.7444,135.2892,28.96,94,100,15.19,snow
591,Pierre,US,44.3683,-100.351,-6.14,80,100,29.93,haze
592,Praia,CV,14.9215,-23.5087,70.34,78,20,10.36,few clouds
593,Vilyuysk,RU,63.7553,121.6247,-34.08,99,9,2.24,clear sky
594,Northam,GB,51.0333,-4.2167,53.62,99,100,24.25,overcast clouds
595,Kushiro,JP,42.975,144.3747,34.75,86,75,13.8,light snow
596,Hidalgo,MX,20.5,-99.0,54.25,71,6,5.73,clear sky
597,Calatayud,ES,41.3535,-1.6432,47.55,89,100,9.17,overcast clouds
598,Cadiz,ES,36.5,-5.75,47.75,77,84,3.11,broken clouds
599,Sorong,ID,-0.8833,131.25,85.01,70,82,4.81,broken clouds
600,Hobyo,SO,5.3505,48.5268,81.73,65,52,16.26,broken clouds
601,Kuvshinovo,RU,57.0295,34.1725,34.36,99,100,11.43,light snow
602,Pachperwa,IN,27.5167,82.65,75.92,21,0,7.99,clear sky
603,Santiago Del Estero,AR,-27.7951,-64.2615,76.21,54,96,8.59,overcast clouds
604,Cuiluan,CN,47.72,128.648,4.78,94,100,3.78,overcast clouds
605,Baculin,PH,7.4525,126.5842,82.24,83,82,2.95,broken clouds
606,Koumac,NC,-20.5667,164.2833,80.24,80,89,6.26,overcast clouds
607,Binga,ZW,-17.6203,27.3414,80.31,47,62,4.83,broken clouds
608,Veraval,IN,20.9,70.3667,78.71,27,0,11.16,clear sky
609,Charters Towers,AU,-20.1,146.2667,81.7,61,99,17.98,overcast clouds
610,Vestmannaeyjar,IS,63.4427,-20.2734,28.06,55,23,8.77,few clouds
611,Callaway,US,30.153,-85.5699,56.95,93,96,7.0,overcast clouds
612,At-Bashi,KG,41.1702,75.8106,13.84,87,45,0.94,scattered clouds
613,Jinchang,CN,38.4953,102.1739,34.88,26,5,3.29,clear sky
614,Charagua,BO,-19.8,-63.2167,68.07,81,2,3.8,clear sky
615,Zhovtneve,UA,50.6637,24.2492,35.64,99,100,11.5,overcast clouds
616,Saint-Joseph,RE,-21.3667,55.6167,82.78,68,49,4.36,scattered clouds
617,Poso,ID,-1.3959,120.7524,84.74,69,100,2.33,overcast clouds
618,Bowen,AU,-20.0167,148.2333,79.77,70,100,14.07,overcast clouds
619,Capelinha,BR,-17.6914,-42.5158,62.38,99,100,3.98,overcast clouds
620,Lingao,CN,19.9103,109.6859,67.69,56,17,15.99,few clouds
621,Boyolangu,ID,-8.1181,111.8935,79.79,82,99,9.22,light rain
622,Grand Gaube,MU,-20.0064,57.6608,86.4,58,94,11.01,overcast clouds
623,Ust-Ilimsk,RU,58.0006,102.6619,-4.95,100,60,3.6,broken clouds
624,Staraya Poltavka,RU,50.4772,46.4814,34.72,60,100,11.63,overcast clouds
625,Aflao,TG,6.116,1.1914,73.53,56,20,8.05,few clouds
626,North Bend,US,43.4065,-124.2243,54.07,99,100,5.75,mist
627,Cape Coast,GH,5.1053,-1.2466,80.28,71,41,1.77,scattered clouds
628,Gornopravdinsk,RU,60.05,69.9,14.18,93,100,10.85,light snow
629,Keelung,TW,25.1283,121.7419,55.58,63,97,15.37,overcast clouds
630,Nalbandyan,AM,40.0624,43.9869,35.4,51,14,1.1,few clouds
631,Kijang,KR,35.2442,129.2139,31.73,52,5,22.26,clear sky
632,Zambezi,ZM,-13.5432,23.1047,66.45,93,100,6.51,overcast clouds
633,Barguzin,RU,53.6167,109.6167,8.55,97,98,2.15,overcast clouds
634,Sampit,ID,-2.5333,112.95,80.82,76,100,8.14,overcast clouds
635,Hoquiam,US,46.9809,-123.8893,30.92,84,100,21.85,snow
636,Muscat,OM,23.6139,58.5922,76.53,49,70,8.21,broken clouds
637,Fereydun Kenar,IR,36.6864,52.5225,53.82,76,0,0.0,clear sky
638,Jackson,US,42.4165,-122.8345,46.04,97,100,0.0,mist
639,San Lorenzo,PY,-25.3333,-57.5333,76.14,65,0,9.22,clear sky
640,Nuevo Laredo,MX,27.4763,-99.5164,30.47,55,100,18.41,overcast clouds
641,Sassandra,CI,4.95,-6.0833,77.23,82,19,2.75,few clouds
642,Pentalofos,GR,40.7417,22.8519,49.28,69,0,2.98,clear sky
643,Obera,AR,-27.4871,-55.1199,65.48,67,50,2.66,scattered clouds
644,Anderson,US,34.5334,-82.6499,48.58,96,100,23.02,light rain
645,Umm Lajj,SA,25.0213,37.2685,70.92,53,2,22.64,clear sky
646,Den Helder,NL,52.9599,4.7593,46.02,95,100,1.14,mist
647,Hede,CN,33.7681,120.2517,34.11,25,0,11.68,clear sky
648,Zhangjiakou,CN,40.81,114.8794,15.98,33,0,8.57,clear sky
649,Mao,ES,39.8885,4.2658,57.76,94,0,8.05,clear sky
650,Nova Serrana,BR,-19.8761,-44.9836,60.73,97,3,5.77,clear sky
651,Golden,US,39.7555,-105.2211,-0.45,72,0,5.75,clear sky
652,Nouadhibou,MR,20.931,-17.0347,67.98,37,0,18.41,clear sky
653,Richards Bay,ZA,-28.783,32.0377,79.99,56,0,15.7,clear sky
654,Goure,NE,13.9835,10.2704,62.98,34,95,16.62,overcast clouds
655,Palmer,US,42.1584,-72.3287,47.86,81,100,14.97,moderate rain
656,Nishihara,JP,26.1842,127.7558,56.68,62,100,23.02,overcast clouds
657,Agirish,RU,61.9247,63.0231,14.86,96,100,5.64,light snow
658,Inhambane,MZ,-23.865,35.3833,82.38,48,40,7.0,scattered clouds
659,Bakani,IN,24.2833,76.2333,81.54,26,0,7.56,clear sky
660,Columbus,US,39.9612,-82.9988,18.88,89,100,29.93,snow
661,Ruteng,ID,-8.6136,120.4721,69.49,82,100,3.29,moderate rain
662,Sompeta,IN,18.9333,84.6,78.93,41,100,12.57,overcast clouds
663,San Quintin,MX,30.4833,-115.95,58.03,71,100,5.28,overcast clouds
664,Muros,ES,42.7762,-9.0603,63.84,85,100,25.66,overcast clouds
665,Songea,TZ,-10.6833,35.65,67.35,94,75,0.0,light rain
666,Wattegama,LK,6.7989,81.4808,87.15,57,91,5.14,overcast clouds
667,Amboasary,MG,-25.0333,46.3833,70.9,73,98,10.85,overcast clouds
668,Basco,PH,20.4487,121.9702,69.01,66,100,25.72,overcast clouds
669,Smithers,CA,54.7804,-127.1743,-5.48,77,100,12.66,light snow
670,Alyangula,AU,-13.8483,136.4192,85.5,72,99,12.33,overcast clouds
671,Atlantic Beach,US,30.3344,-81.3987,66.45,92,100,12.66,overcast clouds
672,Esso,RU,55.9333,158.7,12.18,95,100,4.0,overcast clouds
673,Tecolutla,MX,20.4833,-97.0167,70.47,89,35,5.44,scattered clouds
674,Mbala,ZM,-8.8402,31.3659,62.24,90,100,1.72,light rain
675,Krasnoselkup,RU,65.7,82.4667,-9.58,92,100,19.06,overcast clouds
676,Along,IN,28.1667,94.7667,75.81,34,11,1.74,few clouds
677,Dali,CN,25.7,100.1833,59.94,35,4,7.9,clear sky
678,Poya,NC,-21.35,165.15,80.1,82,56,4.45,broken clouds
679,Palamos,ES,41.8484,3.1291,53.29,65,43,4.43,scattered clouds
680,Malatya,TR,38.5,38.0,39.25,87,100,0.0,overcast clouds
681,Giresun,TR,40.5,38.5,27.21,66,3,7.25,clear sky
682,Russell,US,32.3502,-85.1999,52.88,80,100,15.97,overcast clouds
683,Rantepao,ID,-2.9701,119.8978,75.07,88,100,3.76,overcast clouds
684,Biltine,TD,14.5333,20.9167,71.76,32,77,17.0,broken clouds
685,Liberal,US,37.0431,-100.921,-1.16,55,0,14.97,clear sky
